Grazielly;Souza;Grazy;graziellysouza2580@gmail.com;senha
Pablo;�thico;paco;pacoaga@gmail.com;senha
Kelly;Cristina;kelly;kelly@gmail.com;senha
Guilherme;Alves;louco;gui@gmail.com;senha
Mariana;Ferreira;Mari;marianaferreira22@gmail.com;senha
Lucas;Silva;Luk;lucas_silva98@hotmail.com;senha
Ana;Melo;Aninha;ana.melo@gmail.com;senha
Pedro;Oliveira;Pedrão;pedro.oliveira99@gmail.com;senha
Fernanda;Lima;Feh;fernandalima01@gmail.com;senha
Thiago;Santos;Thi;thiagosantos77@gmail.com;senha
Isabela;Rocha;Isa;isabela.rocha@hotmail.com;senha
Ricardo;Martins;Rick;ricardo.martins@gmail.com;senha
Juliana;Costa;Ju;julianacosta@gmail.com;senha
Rodrigo;Ramos;Rod;rodrigoramos@gmail.com;senha
Carla;Vieira;Carlinha;carla.vieira@gmail.com;senha
Matheus;Barbosa;Matt;matheusbarbosa@hotmail.com;senha
Sabrina;Pereira;Sabri;sabrinapereira@gmail.com;senha
Felipe;Carvalho;Lipe;felipe.carvalho@yahoo.com;senha
Larissa;Andrade;Lari;larissaandrade@gmail.com;senha
Bruno;Souza;Bruninho;bruno_souza88@gmail.com;senha
Camila;Duarte;Cami;camila.duarte@gmail.com;senha
Vinícius;Teixeira;Vini;viniciusteixeira@gmail.com;senha
Natália;Moreira;Nati;nataliamoreira@gmail.com;senha
André;Rodrigues;Dede;andre.rodrigues@gmail.com;senha
Vanessa;Almeida;Nessa;vanessaalmeida@gmail.com;senha
Jonathan;Cunha;Jhow;jonathancunha@gmail.com;senha
Tatiane;Moura;Tati;tatianemoura@gmail.com;senha
Gabriel;Ferraz;Biel;gabrielferraz@gmail.com;senha
Renata;Oliveira;Rê;renataoliveira@gmail.com;senha
Eduardo;Mendes;Dudu;eduardomendes@gmail.com;senha
Bianca;Silveira;Bia;biancasilveira@gmail.com;senha
Henrique;Castro;Kike;henriquecastro@gmail.com;senha
Paula;Campos;Paulinha;paulacampos@gmail.com;senha
Diego;Lopes;Di;diegolopes@gmail.com;senha
Amanda;Cardoso;Mandinha;amandacardoso@gmail.com;senha
César;Medeiros;Cesinha;cesarmedeiros@gmail.com;senha
Jéssica;Nunes;Jess;jessicanunes@gmail.com;senha
Leandro;Ribeiro;Lele;leandroribeiro@gmail.com;senha
Priscila;Farias;Pri;priscilafarias@gmail.com;senha
Alexandre;Gomes;Alex;alexandregomes@gmail.com;senha
Tatiana;Sales;Taty;tatianasales@gmail.com;senha
Rafael;Monteiro;Rafa;rafaelmonteiro@gmail.com;senha
Érica;Tavares;Eri;ericatavares@gmail.com;senha
Fábio;Neves;Fabinho;fabioneves@gmail.com;senha
Caroline;Matos;Carol;carolinematos@gmail.com;s
